FIPS,TOTAL
1001.0,28
1003.0,67
1005.0,9
1007.0,13
1009.0,23
1011.0,17
1013.0,40
1015.0,59
1017.0,43
1019.0,14
1021.0,31
1023.0,12
1025.0,16
1027.0,12
1029.0,7
1031.0,9
1033.0,27
1035.0,13
1037.0,3
1039.0,29
1041.0,30
1043.0,23
1045.0,51
1047.0,27
1049.0,26
1051.0,52
1053.0,28
1055.0,49
1057.0,12
1059.0,31
1061.0,7
1063.0,16
1065.0,29
1067.0,6
1069.0,32
1071.0,14
1073.0,371
1075.0,5
1077.0,40
1079.0,30
1081.0,66
1083.0,27
1085.0,27
1087.0,19
1089.0,92
1091.0,21
1093.0,29
1095.0,48
1097.0,313
1099.0,9
1101.0,196
1103.0,32
80001.0,0
1105.0,6
1107.0,17
1109.0,12
1111.0,14
1113.0,3
1117.0,60
1115.0,42
1119.0,21
1121.0,34
1123.0,86
1125.0,132
90001.0,0
1127.0,92
1129.0,12
1131.0,12
1133.0,13
2013.0,0
2016.0,0
2020.0,40
2050.0,0
2060.0,0
2068.0,0
2070.0,0
2090.0,12
2100.0,0
2105.0,0
2110.0,3
2122.0,4
2130.0,0
2150.0,0
2158.0,0
2164.0,0
2170.0,3
2180.0,0
2185.0,0
2188.0,0
80002.0,0
2195.0,1
2198.0,0
2220.0,0
2230.0,0
2240.0,0
90002.0,0
2261.0,1
2275.0,0
2282.0,0
2290.0,2
60.0,0
4001.0,167
4003.0,73
4005.0,147
4007.0,63
4009.0,26
4011.0,2
4012.0,16
4013.0,3500
4015.0,229
4017.0,236
80004.0,0
4019.0,633
4021.0,213
4023.0,64
90004.0,0
4025.0,86
4027.0,351
5001.0,11
5003.0,12
5005.0,7
5007.0,102
5009.0,27
5011.0,8
5013.0,0
5015.0,12
5017.0,22
5019.0,5
5021.0,11
5023.0,14
5025.0,12
5027.0,19
5029.0,3
5031.0,34
5033.0,24
5035.0,51
5037.0,20
5039.0,5
5041.0,7
5043.0,7
5045.0,27
5047.0,2
5049.0,8
5051.0,58
5053.0,4
5055.0,15
5057.0,5
5059.0,30
5061.0,13
5063.0,36
5065.0,1
5067.0,5
5069.0,97
5071.0,8
5073.0,3
5075.0,14
5077.0,18
5079.0,17
5081.0,29
5083.0,2
5085.0,21
5087.0,6
5089.0,2
5091.0,15
5093.0,58
5095.0,0
5097.0,8
5099.0,14
5101.0,19
5103.0,7
80005.0,0
5105.0,0
5107.0,15
5109.0,2
5111.0,16
5113.0,4
5115.0,36
5117.0,4
5119.0,193
5121.0,23
5125.0,28
5127.0,1
5129.0,1
5131.0,87
5133.0,19
5135.0,9
5123.0,9
5137.0,20
90005.0,0
5139.0,47
5141.0,3
5143.0,131
5145.0,32
5147.0,0
5149.0,30
6001.0,439
6003.0,0
6005.0,16
6007.0,50
6009.0,16
6011.0,6
6013.0,234
6015.0,1
6017.0,4
6019.0,429
6021.0,3
6023.0,8
6025.0,335
6027.0,15
6029.0,406
6031.0,83
6033.0,14
6035.0,1
6037.0,6855
6039.0,73
6041.0,124
6043.0,2
6045.0,21
6047.0,152
6049.0,0
6051.0,2
6053.0,82
6055.0,14
6057.0,8
6059.0,1401
80006.0,0
6061.0,52
6063.0,0
6065.0,1269
6067.0,464
6069.0,14
6071.0,989
6073.0,865
6075.0,131
6077.0,483
6079.0,32
6081.0,157
6083.0,118
6085.0,373
6087.0,23
6089.0,29
6091.0,0
6093.0,0
6095.0,74
6097.0,129
6099.0,391
6101.0,12
6103.0,8
6105.0,0
6107.0,274
6109.0,4
90006.0,0
6111.0,159
6113.0,56
6115.0,10
8001.0,247
8003.0,9
8005.0,376
8007.0,0
8009.0,0
8011.0,0
8013.0,84
8014.0,39
8015.0,20
8017.0,0
8019.0,1
8021.0,0
8023.0,1
8025.0,1
8027.0,0
8029.0,4
8031.0,440
8033.0,0
8035.0,63
8037.0,10
8041.0,187
8039.0,3
8043.0,1
8045.0,5
8047.0,0
8049.0,1
8051.0,7
8053.0,0
8055.0,2
8057.0,0
8059.0,298
8061.0,0
8063.0,3
8067.0,2
8065.0,0
8069.0,55
8071.0,1
8073.0,0
8075.0,10
8077.0,8
8079.0,0
8081.0,1
8083.0,5
8085.0,13
8087.0,48
8089.0,6
8091.0,1
80008.0,0
8093.0,1
8095.0,0
8097.0,2
8099.0,0
8101.0,40
8103.0,0
8105.0,2
8107.0,8
8109.0,2
8111.0,0
8113.0,0
8115.0,1
8117.0,4
8119.0,4
90008.0,0
8121.0,0
8123.0,155
8125.0,1
9001.0,1427
9003.0,1445
9005.0,143
9007.0,194
9009.0,1119
9011.0,130
80009.0,0
9013.0,67
90009.0,0
9015.0,17
10001.0,119
10003.0,330
80010.0,0
10005.0,213
90010.0,0
88888.0,0
11001.0,641
80011.0,0
90011.0,0
12001.0,70
12003.0,17
12005.0,125
12007.0,11
12009.0,342
12011.0,1500
12013.0,14
12015.0,152
12017.0,125
12019.0,114
12021.0,243
12023.0,70
12027.0,27
12029.0,11
12031.0,505
12033.0,268
12035.0,35
12037.0,4
12039.0,51
12041.0,17
12043.0,6
12045.0,15
12047.0,9
12049.0,11
12051.0,43
12053.0,153
12055.0,101
12057.0,738
12059.0,10
12061.0,122
12063.0,83
12065.0,9
12067.0,15
12069.0,214
12071.0,492
12073.0,97
12075.0,10
12077.0,10
12079.0,24
12081.0,317
12083.0,335
12085.0,153
12086.0,3520
12087.0,24
12089.0,50
12091.0,127
12093.0,37
12095.0,528
12097.0,178
80012.0,0
12099.0,1478
12101.0,222
12103.0,793
12105.0,578
12107.0,47
12113.0,85
12115.0,307
12117.0,234
12109.0,78
12111.0,315
12119.0,79
12121.0,76
12123.0,15
90012.0,0
12125.0,27
12127.0,300
12129.0,11
12131.0,29
12133.0,24
13001.0,34
13003.0,4
13005.0,14
13007.0,6
13009.0,62
13011.0,8
13013.0,47
13015.0,92
13017.0,30
13019.0,12
13021.0,186
13023.0,21
13025.0,11
13027.0,26
13029.0,13
13031.0,32
13033.0,11
13035.0,43
13037.0,9
13039.0,16
13043.0,24
13045.0,74
13047.0,20
13049.0,10
13051.0,181
13053.0,1
13055.0,27
13057.0,100
13059.0,46
13061.0,3
13063.0,171
13065.0,11
13067.0,446
13069.0,57
13071.0,37
13073.0,63
13075.0,15
13077.0,60
13079.0,6
13081.0,22
13083.0,5
13085.0,10
13089.0,387
13087.0,34
13091.0,13
13093.0,14
13095.0,190
13097.0,71
13099.0,33
13101.0,2
13103.0,28
13105.0,8
13107.0,36
13109.0,6
13111.0,28
13113.0,52
13115.0,53
13117.0,50
13119.0,16
13121.0,603
13123.0,17
13125.0,2
13127.0,99
13129.0,39
13131.0,25
13133.0,25
13135.0,429
13137.0,74
13139.0,165
13141.0,44
13143.0,10
13145.0,25
13147.0,16
13149.0,6
13151.0,109
13153.0,86
13155.0,6
13157.0,39
13159.0,4
13161.0,22
13163.0,32
13165.0,32
13167.0,22
13169.0,13
13171.0,19
13173.0,7
13175.0,85
13177.0,26
13179.0,24
13181.0,7
13183.0,4
13185.0,85
13187.0,14
13193.0,10
13195.0,11
13197.0,9
13189.0,15
13191.0,7
13199.0,14
13201.0,2
13205.0,45
13207.0,55
13209.0,7
13211.0,4
13213.0,8
13215.0,173
13217.0,93
13219.0,27
13221.0,11
80013.0,174
13223.0,59
13225.0,24
13227.0,9
13229.0,24
13231.0,11
13233.0,25
13235.0,22
13237.0,27
13239.0,1
13241.0,11
13243.0,29
13245.0,173
13247.0,40
13249.0,2
13251.0,11
13253.0,11
13255.0,62
13257.0,42
13259.0,16
13261.0,68
13263.0,7
13265.0,0
13267.0,13
13269.0,12
13271.0,22
13273.0,32
13275.0,69
13277.0,60
13279.0,56
13281.0,11
13283.0,11
13285.0,104
13287.0,24
13289.0,9
90013.0,6
13291.0,23
13293.0,68
13295.0,42
13297.0,64
13299.0,62
13301.0,5
13303.0,11
13305.0,29
13307.0,2
13309.0,14
13311.0,22
13313.0,63
13315.0,25
13317.0,6
13319.0,18
13321.0,32
99999.0,3
66.0,63
15001.0,18
15003.0,148
15005.0,0
15007.0,0
15009.0,18
80015.0,1
90015.0,0
16001.0,156
16003.0,2
16005.0,9
16007.0,1
16009.0,3
16011.0,11
16013.0,6
16015.0,2
16017.0,1
16019.0,22
16021.0,1
16023.0,0
16025.0,0
16027.0,105
16029.0,3
16031.0,8
16033.0,0
16035.0,0
16037.0,1
16039.0,4
16041.0,1
16043.0,3
16045.0,4
16047.0,2
16049.0,0
16051.0,3
16053.0,7
16055.0,46
16057.0,0
16059.0,0
16061.0,2
16063.0,0
16065.0,2
16067.0,8
16069.0,24
16071.0,0
80016.0,0
16073.0,5
16075.0,10
16077.0,1
16079.0,19
16081.0,1
16083.0,42
90016.0,0
16085.0,1
16087.0,7
17001.0,14
17003.0,1
17005.0,9
17007.0,24
17009.0,0
17011.0,16
17013.0,0
17015.0,7
17017.0,11
17019.0,28
17021.0,25
17023.0,6
17025.0,11
17027.0,23
17029.0,38
17031.0,5339
17033.0,6
17035.0,5
17039.0,3
17037.0,42
17041.0,8
17043.0,595
17045.0,8
17047.0,0
17049.0,3
17051.0,17
17053.0,9
17055.0,6
17057.0,0
17059.0,2
17061.0,15
17063.0,7
17065.0,2
17067.0,3
17069.0,0
17071.0,0
17073.0,5
17075.0,19
17077.0,25
17079.0,10
17081.0,43
17083.0,21
17085.0,5
17087.0,0
17089.0,338
17091.0,78
17093.0,27
17095.0,9
17099.0,58
17097.0,501
17101.0,8
17103.0,1
17105.0,9
17107.0,4
17115.0,48
17117.0,8
17119.0,152
17121.0,11
17123.0,3
17125.0,1
17127.0,2
17109.0,15
17111.0,120
17113.0,30
17129.0,1
17131.0,6
17133.0,27
17135.0,14
17137.0,24
17139.0,5
17141.0,7
80017.0,0
17143.0,59
17145.0,16
17147.0,0
17149.0,2
17151.0,1
17153.0,1
17155.0,0
17157.0,14
17159.0,14
17161.0,87
17165.0,7
17167.0,54
17169.0,1
17171.0,0
17173.0,8
17163.0,210
17175.0,2
17177.0,7
17179.0,45
90017.0,260
17181.0,25
17183.0,7
17185.0,5
17187.0,6
17189.0,1
17191.0,9
17193.0,1
17195.0,21
17197.0,414
17199.0,57
17201.0,163
17203.0,10
18001.0,5
18003.0,219
18005.0,57
18007.0,0
18009.0,3
18011.0,48
18013.0,3
18015.0,13
18017.0,17
18019.0,57
18021.0,6
18023.0,15
18025.0,1
18027.0,31
18033.0,11
18029.0,28
18031.0,39
18035.0,73
18037.0,21
18039.0,128
18041.0,15
18043.0,65
18045.0,3
18047.0,25
18049.0,2
18051.0,9
18053.0,39
18055.0,36
18057.0,112
18059.0,44
18061.0,24
18063.0,128
18065.0,27
18067.0,66
18069.0,5
18071.0,11
18073.0,4
18075.0,6
18077.0,4
18079.0,13
18081.0,127
18083.0,10
18085.0,20
18087.0,14
18091.0,52
18089.0,346
18093.0,32
18095.0,86
18097.0,777
18099.0,26
18101.0,0
18103.0,4
18105.0,38
18107.0,22
18109.0,40
18111.0,11
18113.0,33
18115.0,7
18117.0,24
80018.0,0
18119.0,1
18121.0,2
18123.0,14
18125.0,9
18127.0,47
18129.0,3
18131.0,1
18133.0,15
18135.0,8
18137.0,8
18139.0,4
18143.0,13
18145.0,29
18147.0,6
18141.0,151
18149.0,7
18151.0,8
18153.0,12
18155.0,0
18157.0,13
18159.0,23
90018.0,233
18161.0,0
18163.0,48
18165.0,1
18167.0,32
18169.0,9
18171.0,1
18173.0,60
18175.0,2
18177.0,19
18179.0,5
18181.0,15
18183.0,6
19001.0,1
19003.0,0
19005.0,8
19007.0,3
19009.0,1
19011.0,1
19013.0,96
19015.0,8
19017.0,7
19019.0,3
19021.0,12
19023.0,2
19025.0,3
19027.0,8
19029.0,2
19031.0,5
19033.0,23
19035.0,2
19037.0,1
19039.0,3
19041.0,4
19043.0,3
19045.0,25
19047.0,12
19049.0,43
19051.0,4
19053.0,0
19055.0,8
19057.0,9
19059.0,7
19061.0,52
19063.0,14
19065.0,2
19067.0,11
19069.0,18
19071.0,1
19073.0,0
19075.0,4
19077.0,14
19079.0,3
19081.0,4
19083.0,5
19085.0,7
19087.0,5
19089.0,8
19091.0,3
19093.0,2
19095.0,2
19097.0,3
19099.0,34
19101.0,1
19103.0,30
19105.0,3
19107.0,1
19109.0,0
19111.0,9
19113.0,122
19115.0,15
19117.0,6
19119.0,7
19121.0,2
19123.0,22
19125.0,10
19127.0,36
19129.0,1
19131.0,0
19133.0,1
19135.0,11
19137.0,5
19139.0,57
19141.0,9
19143.0,0
80019.0,0
19145.0,0
19147.0,1
19149.0,24
19151.0,2
19153.0,281
19155.0,44
19157.0,11
19159.0,2
19161.0,3
19163.0,33
19165.0,1
19167.0,11
19169.0,17
19171.0,36
19173.0,2
90019.0,0
19175.0,3
19177.0,2
19179.0,62
19181.0,6
19183.0,11
19185.0,3
19187.0,14
19189.0,16
19191.0,9
19193.0,85
19195.0,0
19197.0,1
20001.0,1
20003.0,0
20005.0,4
20007.0,0
20009.0,7
20011.0,3
20013.0,5
20015.0,3
20017.0,2
20019.0,0
20021.0,7
20023.0,5
20025.0,1
20027.0,2
20029.0,1
20031.0,9
20033.0,0
20035.0,9
20037.0,10
20039.0,1
20041.0,3
20043.0,0
20045.0,15
20047.0,0
20049.0,0
20051.0,16
20053.0,0
20055.0,16
20057.0,13
20059.0,3
20061.0,4
20063.0,9
20065.0,1
20067.0,8
20069.0,0
20071.0,0
20073.0,0
20075.0,0
20077.0,2
20079.0,7
20081.0,1
20083.0,0
20085.0,4
20087.0,4
20089.0,1
20091.0,173
20093.0,3
20095.0,3
20097.0,0
20099.0,5
20101.0,0
20103.0,17
20105.0,1
20107.0,1
20109.0,0
20111.0,37
20115.0,1
20117.0,0
20113.0,5
20119.0,1
20121.0,2
20123.0,0
20125.0,6
20127.0,0
20129.0,2
20131.0,1
20133.0,0
20135.0,8
20137.0,1
20139.0,1
20141.0,0
20143.0,0
80020.0,0
20145.0,1
20147.0,9
20149.0,0
20151.0,0
20153.0,0
20155.0,9
20157.0,1
20159.0,1
20161.0,11
20163.0,7
20165.0,0
20167.0,3
20169.0,13
20171.0,1
20173.0,120
20175.0,7
20177.0,69
20179.0,0
20181.0,0
20183.0,0
20185.0,1
20187.0,2
20189.0,1
20191.0,3
20193.0,2
20195.0,3
90020.0,0
20197.0,1
20199.0,0
20201.0,0
20203.0,0
20205.0,2
20207.0,0
20209.0,145
21001.0,20
21003.0,9
21005.0,1
21007.0,1
21009.0,13
21011.0,1
21013.0,16
21015.0,25
21017.0,1
21019.0,15
21021.0,0
21023.0,1
21025.0,0
21027.0,2
21029.0,14
21031.0,16
21033.0,0
21035.0,9
21037.0,16
21039.0,1
21041.0,5
21043.0,4
21045.0,15
21047.0,26
21049.0,10
21051.0,6
21053.0,2
21055.0,1
21057.0,0
21059.0,24
21061.0,12
21063.0,0
21065.0,0
21067.0,82
21069.0,0
21071.0,4
21073.0,13
21075.0,3
21077.0,8
21079.0,3
21081.0,6
21083.0,29
21085.0,15
21087.0,8
21089.0,7
21091.0,1
21093.0,12
21095.0,13
21097.0,1
21099.0,1
21101.0,17
21103.0,2
21105.0,1
21107.0,40
21109.0,17
21111.0,326
21113.0,1
21115.0,2
21117.0,49
21119.0,2
21121.0,9
21123.0,1
21125.0,7
21127.0,0
21129.0,0
21131.0,0
21133.0,2
21135.0,15
21137.0,16
21139.0,1
21141.0,30
21143.0,4
21151.0,11
21153.0,0
21155.0,8
21157.0,4
21159.0,3
21161.0,2
21145.0,11
21147.0,1
21149.0,2
21163.0,3
21165.0,1
21167.0,5
21169.0,2
21171.0,4
21173.0,4
21175.0,0
21177.0,12
21179.0,4
21181.0,1
21183.0,9
21185.0,26
80021.0,0
21187.0,2
21189.0,1
21191.0,0
21193.0,9
21195.0,3
21197.0,0
21199.0,12
21201.0,1
21203.0,1
21205.0,1
21207.0,6
21209.0,17
21211.0,24
21213.0,8
21215.0,0
21217.0,7
21219.0,8
21221.0,0
21223.0,0
90021.0,0
21225.0,5
21227.0,57
21229.0,1
21231.0,0
21233.0,5
21235.0,5
21237.0,0
21239.0,0
22001.0,99
22003.0,53
22005.0,98
22007.0,24
22009.0,62
22011.0,39
22013.0,33
22015.0,112
22017.0,382
22019.0,221
22021.0,3
22023.0,2
22025.0,13
22027.0,24
22029.0,16
22031.0,35
22033.0,452
22035.0,6
22037.0,75
22039.0,37
22041.0,44
22043.0,30
22045.0,93
22047.0,58
22049.0,22
22051.0,580
22053.0,42
22059.0,10
22055.0,136
22057.0,124
22061.0,48
22063.0,79
22065.0,8
22067.0,24
22069.0,26
22071.0,589
22073.0,158
80022.0,0
22075.0,19
22077.0,40
22079.0,153
22081.0,24
22083.0,15
22085.0,14
22087.0,32
22089.0,63
22091.0,4
22093.0,40
22095.0,105
22097.0,132
22099.0,61
22101.0,83
22103.0,269
22105.0,122
22107.0,2
22109.0,122
90022.0,200
22111.0,49
22113.0,68
22115.0,55
22117.0,68
22119.0,34
22121.0,42
22123.0,10
22125.0,25
22127.0,19
23001.0,10
23003.0,1
23005.0,70
23007.0,1
23009.0,1
23011.0,11
23013.0,1
23015.0,1
80023.0,0
23017.0,2
23019.0,6
23021.0,0
23023.0,0
23025.0,8
90023.0,0
23027.0,14
23029.0,0
23031.0,19
24001.0,23
24003.0,262
24005.0,650
24510.0,495
24009.0,28
24011.0,8
24013.0,128
24015.0,36
24017.0,101
24019.0,10
24021.0,137
24023.0,1
24025.0,77
24027.0,123
24029.0,24
24031.0,860
80024.0,0
24033.0,841
24035.0,26
24039.0,5
24037.0,59
24041.0,6
90024.0,11
24043.0,42
24045.0,49
24047.0,30
25001.0,180
25003.0,51
25005.0,729
25007.0,0
0,2
25009.0,1320
25011.0,71
25013.0,796
25015.0,152
25017.0,2214
25019.0,0
25021.0,1087
80025.0,0
25023.0,800
25025.0,1155
90025.0,5
25027.0,1140
26001.0,2
26003.0,0
26005.0,7
26007.0,14
26009.0,0
26011.0,3
26013.0,4
26015.0,5
26017.0,55
26019.0,2
26021.0,78
26023.0,10
26025.0,53
26027.0,23
26029.0,4
26031.0,2
26033.0,0
26035.0,6
26037.0,14
26039.0,5
26041.0,16
26043.0,5
26045.0,10
26047.0,4
0,5
26049.0,321
26051.0,2
26053.0,2
26055.0,12
26057.0,16
26059.0,27
26061.0,6
26063.0,5
26065.0,57
26067.0,7
26069.0,14
26071.0,17
26073.0,15
26075.0,60
26077.0,98
26079.0,4
26081.0,178
26083.0,0
26085.0,0
26087.0,38
26089.0,1
26091.0,18
26093.0,32
26095.0,0
26097.0,0
26099.0,1059
26101.0,3
26103.0,12
26105.0,1
26107.0,4
26109.0,3
0,75
26111.0,13
26113.0,1
26115.0,30
26117.0,8
26119.0,0
26121.0,74
26123.0,2
26125.0,1224
26127.0,6
26129.0,5
26131.0,0
26133.0,0
26135.0,1
26137.0,11
26139.0,70
80026.0,2
26141.0,1
26143.0,4
26145.0,148
26151.0,7
26153.0,0
26155.0,33
26147.0,62
26149.0,12
26157.0,34
90026.0,0
26159.0,18
26161.0,116
26163.0,3017
26165.0,4
27001.0,1
27003.0,147
27005.0,2
27007.0,7
27009.0,4
27011.0,0
27013.0,7
27015.0,3
27017.0,1
27019.0,7
27021.0,4
27023.0,2
27025.0,2
27027.0,43
27029.0,0
27031.0,0
27033.0,0
27035.0,21
27037.0,133
27039.0,0
27041.0,3
27043.0,0
27045.0,0
27047.0,4
27049.0,11
27051.0,4
27053.0,962
27055.0,1
27057.0,2
27059.0,3
27061.0,17
27063.0,1
27065.0,10
27067.0,4
27069.0,0
27071.0,4
27073.0,2
27075.0,0
27077.0,1
27079.0,5
27081.0,0
27083.0,6
27087.0,1
27089.0,1
27091.0,16
27085.0,3
27093.0,3
27095.0,7
27097.0,5
27099.0,11
27101.0,3
27103.0,17
27105.0,16
27107.0,0
27109.0,29
27111.0,6
80027.0,0
27113.0,1
27115.0,0
27117.0,16
27119.0,4
27121.0,0
27123.0,341
27125.0,2
27127.0,10
27129.0,11
27131.0,8
27133.0,1
27135.0,0
27139.0,34
27141.0,20
27143.0,3
27137.0,61
27145.0,33
27147.0,2
27149.0,1
27151.0,1
27153.0,2
27155.0,0
90027.0,53
27157.0,0
27159.0,0
27161.0,9
27163.0,66
27165.0,4
27167.0,4
27169.0,18
27171.0,13
27173.0,5
28001.0,40
28003.0,12
28005.0,13
28007.0,25
28009.0,4
28011.0,75
28013.0,12
28015.0,12
28017.0,24
28019.0,6
28021.0,16
28023.0,48
28025.0,21
28027.0,36
28029.0,36
28031.0,25
28033.0,77
28035.0,77
28037.0,3
28039.0,16
28041.0,17
28043.0,37
28045.0,27
28047.0,81
28049.0,170
28051.0,60
28053.0,16
28055.0,3
28057.0,24
28059.0,77
28061.0,16
28063.0,10
28065.0,11
28067.0,81
28069.0,15
28071.0,42
28073.0,38
28075.0,130
28077.0,14
28079.0,39
28081.0,79
28083.0,86
28085.0,54
28087.0,62
28089.0,92
28091.0,42
28093.0,25
28095.0,72
28097.0,23
28099.0,110
28101.0,27
28103.0,16
28105.0,54
80028.0,0
28107.0,36
28109.0,55
28111.0,22
28113.0,55
28115.0,19
28117.0,19
28119.0,6
28121.0,86
28123.0,29
28125.0,14
28127.0,48
28129.0,16
28131.0,14
28133.0,49
28135.0,25
28137.0,39
28139.0,20
28141.0,40
28143.0,17
90028.0,0
28145.0,25
28147.0,27
28149.0,54
28151.0,95
28153.0,21
28155.0,13
28157.0,20
28159.0,21
28161.0,14
28163.0,33
29001.0,0
29003.0,4
29005.0,1
29007.0,5
29009.0,7
29011.0,2
29013.0,3
29015.0,5
29017.0,2
29019.0,14
29021.0,33
29023.0,8
29025.0,1
29027.0,4
29029.0,23
29031.0,35
29033.0,2
29035.0,3
29037.0,27
29039.0,2
29041.0,1
29043.0,8
29045.0,0
29047.0,46
29049.0,7
29051.0,16
29053.0,2
29055.0,6
29057.0,0
29059.0,1
29061.0,2
29063.0,2
29065.0,2
29067.0,3
29069.0,11
29071.0,34
29073.0,24
29075.0,10
29077.0,103
29079.0,8
29081.0,1
29083.0,5
29085.0,3
29087.0,1
29089.0,2
29091.0,4
29093.0,0
29095.0,117
29097.0,59
29099.0,69
29101.0,10
0,159
29103.0,1
29105.0,15
29107.0,19
29109.0,13
29111.0,2
29113.0,4
29115.0,1
29117.0,5
29121.0,0
29123.0,2
29125.0,0
29127.0,14
29119.0,11
29129.0,0
29131.0,5
29133.0,5
29135.0,6
29137.0,1
29139.0,1
29141.0,5
29143.0,17
29145.0,16
29147.0,10
29149.0,0
29151.0,3
80029.0,0
29153.0,1
29155.0,12
29157.0,7
29159.0,13
29161.0,19
29163.0,4
29165.0,12
29167.0,7
29169.0,8
29171.0,1
29173.0,0
29175.0,3
29177.0,2
29179.0,0
29181.0,3
29195.0,9
29197.0,0
29199.0,1
29201.0,18
29203.0,2
29205.0,1
29183.0,130
29185.0,1
29187.0,19
29189.0,854
29510.0,216
29186.0,1
29207.0,15
29209.0,6
29211.0,1
29213.0,33
29215.0,3
90029.0,0
29217.0,3
29219.0,1
29221.0,11
29223.0,1
29225.0,6
29227.0,0
29229.0,0
30001.0,1
30003.0,32
30005.0,2
30007.0,0
30009.0,0
30011.0,0
30013.0,6
30015.0,0
30017.0,2
30019.0,0
30021.0,1
30023.0,0
30025.0,0
30027.0,1
30029.0,23
30031.0,5
30033.0,0
30035.0,2
30037.0,0
30039.0,0
30041.0,10
30043.0,0
30045.0,0
30047.0,1
30049.0,3
30051.0,0
30053.0,3
30057.0,1
30055.0,0
30059.0,2
30061.0,0
30063.0,7
30065.0,1
80030.0,0
30067.0,0
30069.0,0
30071.0,0
30073.0,1
30075.0,0
30077.0,0
30079.0,0
30081.0,4
30083.0,2
30085.0,13
30087.0,20
30089.0,1
30091.0,0
30093.0,0
30095.0,3
30097.0,2
30099.0,0
30101.0,6
30103.0,0
90030.0,0
30105.0,2
30107.0,1
30109.0,0
30111.0,77
31001.0,13
31003.0,1
31005.0,0
31007.0,0
31009.0,0
31011.0,0
31013.0,1
31015.0,0
31017.0,0
31019.0,6
31021.0,1
31023.0,1
31025.0,3
31027.0,0
31029.0,0
31031.0,4
31033.0,1
31035.0,0
31037.0,6
31039.0,2
31041.0,4
31043.0,44
31045.0,0
31047.0,14
31049.0,0
31051.0,2
31053.0,16
31055.0,214
31057.0,1
31059.0,1
31061.0,0
31063.0,0
31065.0,2
31067.0,5
31069.0,0
31071.0,0
31073.0,0
31075.0,0
31077.0,0
31079.0,48
31081.0,12
31083.0,0
31085.0,0
31087.0,0
31089.0,1
31091.0,1
31093.0,5
31095.0,0
31097.0,0
31099.0,0
31101.0,0
31103.0,0
31105.0,0
31107.0,0
31109.0,30
31111.0,4
31113.0,0
31115.0,0
31119.0,8
31117.0,0
31121.0,1
31123.0,0
31125.0,0
31127.0,0
31129.0,0
31131.0,1
80031.0,0
31133.0,0
31135.0,10
31137.0,0
31139.0,8
31141.0,5
31143.0,1
31145.0,0
31147.0,2
31149.0,1
31151.0,2
31153.0,32
31155.0,4
31157.0,8
31159.0,3
31161.0,0
31163.0,3
31165.0,0
31167.0,0
31169.0,0
31171.0,0
31173.0,4
90031.0,1
31175.0,1
31177.0,7
31179.0,0
31181.0,0
31183.0,0
31185.0,2
32510.0,8
32001.0,4
32003.0,1468
32005.0,1
32007.0,11
32009.0,0
32011.0,0
32013.0,4
32015.0,2
32017.0,0
32019.0,10
32021.0,0
32023.0,16
80032.0,0
32027.0,0
32029.0,0
90032.0,0
32031.0,182
32033.0,1
33001.0,5
33003.0,2
33005.0,3
33007.0,0
33009.0,1
33011.0,310
33013.0,24
80033.0,0
33015.0,105
33017.0,14
33019.0,1
90033.0,0
34001.0,264
34003.0,2050
34005.0,505
34007.0,617
34009.0,99
34011.0,161
34013.0,2134
34015.0,234
34017.0,1520
34019.0,126
34021.0,637
34023.0,1437
34025.0,868
34027.0,832
34029.0,1054
80034.0,0
34031.0,1258
34033.0,88
34035.0,588
34037.0,197
90034.0,0
34039.0,1362
34041.0,171
35001.0,185
35003.0,1
35005.0,17
35006.0,21
35007.0,1
35009.0,8
35011.0,0
35013.0,63
35015.0,17
35017.0,2
35019.0,1
35021.0,0
35023.0,2
35025.0,28
35027.0,4
35028.0,0
35029.0,10
35031.0,260
35033.0,0
35035.0,13
80035.0,0
35037.0,2
35039.0,14
35041.0,6
35045.0,203
35047.0,0
35043.0,43
35049.0,8
35051.0,1
35053.0,7
35055.0,4
35057.0,1
90035.0,0
35059.0,2
35061.0,4
36001.0,136
36003.0,1
36005.0,4973
36007.0,83
36009.0,6
36011.0,2
36013.0,13
36015.0,3
36017.0,7
36019.0,5
36021.0,38
36023.0,0
36025.0,7
36027.0,163
36029.0,708
36031.0,0
36033.0,0
36035.0,24
36037.0,5
36039.0,18
36041.0,0
36043.0,10
36045.0,0
36047.0,7365
36049.0,0
36051.0,8
36053.0,17
36055.0,300
36057.0,4
36059.0,2204
36061.0,3188
36063.0,101
36065.0,128
36067.0,207
36069.0,35
36071.0,502
36073.0,54
36075.0,4
36077.0,5
80036.0,0
36079.0,63
36081.0,7282
36083.0,42
36085.0,1089
36087.0,680
36091.0,17
36093.0,50
36095.0,0
36097.0,0
36099.0,3
36089.0,4
36101.0,57
36103.0,2016
36105.0,48
36107.0,25
36109.0,0
36111.0,95
90036.0,18
36113.0,33
36115.0,14
36117.0,5
36119.0,1460
36121.0,5
36123.0,7
37001.0,59
37003.0,9
37005.0,1
37007.0,8
37009.0,1
37011.0,0
37013.0,35
37015.0,13
37017.0,19
37019.0,31
37021.0,93
37023.0,46
37025.0,82
37027.0,19
37029.0,3
37031.0,5
37033.0,5
37035.0,57
37037.0,60
37039.0,12
37041.0,10
37043.0,3
37045.0,75
37047.0,59
37049.0,50
37051.0,91
37053.0,4
37055.0,3
37057.0,42
37059.0,6
37061.0,54
37063.0,97
37065.0,52
37067.0,110
37069.0,31
37071.0,102
37073.0,3
37075.0,7
37077.0,50
37079.0,15
37081.0,192
37083.0,25
37085.0,64
37087.0,36
37089.0,64
37091.0,34
37093.0,22
37095.0,5
37097.0,34
37099.0,7
37101.0,59
37103.0,14
37105.0,16
37107.0,35
37109.0,16
37113.0,7
37115.0,1
37117.0,16
37111.0,32
37119.0,374
37121.0,4
37123.0,38
37125.0,36
37127.0,60
37129.0,36
37131.0,18
37133.0,26
37135.0,57
80037.0,0
37137.0,2
37139.0,33
37141.0,8
37143.0,3
37145.0,9
37147.0,35
37149.0,11
37151.0,57
37153.0,24
37155.0,86
37157.0,17
37159.0,110
37161.0,45
37163.0,28
37165.0,21
37167.0,57
37169.0,5
37171.0,26
37173.0,3
37175.0,9
37177.0,3
90037.0,0
37179.0,61
37181.0,46
37183.0,261
37185.0,7
37187.0,8
37189.0,2
37191.0,76
37193.0,36
37195.0,62
37197.0,9
37199.0,0
38001.0,0
38003.0,1
38005.0,8
38007.0,0
38009.0,16
38011.0,2
38013.0,1
38015.0,68
38017.0,79
38019.0,1
38021.0,0
38023.0,1
38025.0,4
38027.0,3
38029.0,7
38031.0,1
38033.0,0
38035.0,15
38037.0,1
38039.0,1
38041.0,1
38043.0,1
38045.0,3
38047.0,0
38049.0,11
38051.0,4
38053.0,3
38055.0,6
38057.0,3
38059.0,46
38061.0,6
38063.0,3
38065.0,0
80038.0,0
38067.0,0
38069.0,0
38071.0,3
38073.0,0
38075.0,2
38077.0,2
38079.0,7
38081.0,2
38083.0,1
38085.0,3
38087.0,0
38089.0,28
38091.0,0
38093.0,4
38095.0,1
38097.0,2
90038.0,0
38099.0,2
38101.0,24
38103.0,0
38105.0,11
69.0,2
39001.0,6
39003.0,73
39005.0,5
39007.0,48
39009.0,2
39011.0,16
39013.0,27
39015.0,3
39017.0,119
39019.0,7
39021.0,3
39023.0,53
39025.0,36
39027.0,13
39029.0,87
39031.0,12
39033.0,8
39035.0,671
39037.0,50
39039.0,13
39041.0,26
39043.0,53
39045.0,56
39047.0,8
39049.0,635
39051.0,4
39053.0,13
39055.0,50
39057.0,40
39059.0,8
39061.0,338
39063.0,19
39065.0,13
39067.0,3
39069.0,17
39071.0,4
39073.0,9
39075.0,10
39077.0,9
39079.0,7
39081.0,4
39083.0,15
39085.0,57
39087.0,24
39089.0,65
39091.0,3
39093.0,89
39095.0,370
39097.0,14
39099.0,283
39101.0,48
39103.0,42
39105.0,12
39107.0,27
39109.0,56
39111.0,18
39113.0,183
39115.0,0
39117.0,2
39119.0,4
39121.0,0
39123.0,30
80039.0,0
39125.0,1
39127.0,11
39129.0,46
39131.0,0
39133.0,67
39135.0,17
39137.0,27
39139.0,24
39141.0,33
39143.0,22
39145.0,8
39147.0,14
39149.0,14
39151.0,178
39153.0,259
39155.0,134
39157.0,21
90039.0,0
39159.0,3
39161.0,3
39163.0,3
39165.0,60
39167.0,23
39169.0,68
39171.0,4
39173.0,81
39175.0,13
40001.0,11
40003.0,0
40005.0,1
40007.0,0
40009.0,9
40011.0,1
40013.0,5
40015.0,23
40017.0,20
40019.0,9
40021.0,8
40023.0,2
40025.0,0
40027.0,85
40029.0,0
40031.0,16
40033.0,3
40035.0,2
40037.0,36
40039.0,3
40041.0,27
40043.0,1
40045.0,0
40047.0,23
40049.0,6
40051.0,14
40053.0,1
40055.0,8
40057.0,0
40059.0,1
40061.0,5
40063.0,4
40065.0,11
40067.0,0
40069.0,4
40071.0,15
40073.0,2
40075.0,2
40077.0,2
40079.0,21
40081.0,10
40083.0,2
40085.0,1
40093.0,2
40095.0,2
40097.0,11
40087.0,9
40089.0,37
40091.0,8
40099.0,2
40101.0,28
40103.0,3
40105.0,4
40107.0,6
40109.0,216
40111.0,8
40113.0,13
40115.0,8
80040.0,0
40117.0,5
40119.0,9
40121.0,20
40123.0,4
40125.0,11
40127.0,4
40129.0,2
40131.0,53
40133.0,6
40135.0,13
40137.0,8
40139.0,10
40141.0,2
40143.0,183
90040.0,0
40145.0,27
40147.0,41
40149.0,0
40151.0,0
40153.0,5
41001.0,2
41003.0,6
41005.0,65
41007.0,0
41009.0,1
41011.0,0
41013.0,1
41015.0,1
41017.0,13
41019.0,4
41021.0,0
41023.0,0
41025.0,0
41027.0,1
41029.0,6
41031.0,9
41033.0,2
41035.0,3
41037.0,0
41039.0,22
41041.0,13
41043.0,14
41045.0,33
41047.0,104
41049.0,6
41051.0,150
80041.0,0
41053.0,15
41055.0,0
41057.0,0
41059.0,43
90041.0,0
41061.0,2
41063.0,1
41065.0,15
41067.0,70
41069.0,0
41071.0,15
42001.0,27
42003.0,387
42005.0,19
42007.0,136
42009.0,6
42011.0,411
42013.0,23
42015.0,6
42017.0,622
42019.0,26
42021.0,7
42023.0,0
42025.0,29
42027.0,15
42029.0,374
42031.0,3
42033.0,7
42035.0,6
42037.0,39
42039.0,3
42041.0,78
42043.0,185
42045.0,764
42047.0,2
42049.0,39
42051.0,10
42053.0,1
42055.0,53
42057.0,2
42059.0,1
42061.0,8
42063.0,14
42065.0,3
42067.0,8
42069.0,217
42071.0,467
42073.0,24
42075.0,65
42077.0,361
42079.0,190
42081.0,29
42083.0,2
42085.0,25
42087.0,3
42089.0,134
42091.0,889
42093.0,7
42095.0,309
42097.0,96
80042.0,0
42099.0,6
42101.0,1840
42103.0,23
42105.0,1
42107.0,71
42109.0,12
42111.0,3
42113.0,1
42115.0,28
42117.0,3
90042.0,0
42119.0,7
42121.0,1
42123.0,1
42125.0,32
42127.0,12
42129.0,66
42131.0,8
42133.0,187
72001.0,0
72003.0,0
72005.0,0
72007.0,0
72009.0,0
72011.0,0
72013.0,0
72015.0,0
72017.0,0
72019.0,0
72021.0,0
72023.0,0
72025.0,0
72027.0,0
72029.0,0
72031.0,0
72033.0,0
72035.0,0
72037.0,0
72039.0,0
72041.0,0
72043.0,0
72045.0,0
72047.0,0
72049.0,0
72051.0,0
72053.0,0
72054.0,0
72055.0,0
72057.0,0
72059.0,0
72061.0,0
72063.0,0
72065.0,0
72067.0,0
72069.0,0
72071.0,0
72073.0,0
72075.0,0
72077.0,0
72079.0,0
72081.0,0
72083.0,0
72085.0,0
72087.0,0
72089.0,0
72091.0,0
72093.0,0
72095.0,0
72097.0,0
72099.0,0
72101.0,0
72103.0,0
72105.0,0
72107.0,0
72888.0,0
72109.0,0
72111.0,0
72113.0,0
72115.0,0
72117.0,0
72119.0,0
72121.0,0
72123.0,0
72125.0,0
72127.0,0
72129.0,0
72131.0,0
72133.0,0
72135.0,0
72137.0,0
72139.0,0
72999.0,758
72141.0,0
72143.0,0
72145.0,0
72147.0,0
72149.0,0
72151.0,0
72153.0,0
44001.0,17
44003.0,116
44005.0,10
80044.0,0
44007.0,909
90044.0,23
44009.0,77
45001.0,15
45003.0,85
45005.0,6
45007.0,190
45009.0,35
45011.0,19
45013.0,89
45015.0,92
45017.0,17
45019.0,269
45021.0,48
45023.0,22
45025.0,41
45027.0,68
45029.0,44
45031.0,63
45033.0,45
45035.0,92
45037.0,21
45039.0,37
45041.0,199
45043.0,47
45045.0,330
45047.0,74
45049.0,29
45051.0,207
45053.0,23
45055.0,42
45057.0,56
45059.0,58
45061.0,35
45063.0,187
45067.0,36
45069.0,12
45065.0,7
45071.0,35
45073.0,30
45075.0,129
80045.0,0
45077.0,53
45079.0,260
45081.0,22
45083.0,211
45085.0,84
90045.0,0
45087.0,15
45089.0,46
45091.0,90
46003.0,0
46005.0,12
46007.0,4
46009.0,1
46011.0,2
46013.0,4
46015.0,2
46017.0,3
46019.0,3
46021.0,0
46023.0,0
46025.0,0
46027.0,8
46029.0,10
46031.0,1
46033.0,3
46035.0,4
46037.0,0
46039.0,0
46041.0,0
46043.0,3
46045.0,1
46047.0,6
46049.0,1
46051.0,2
46053.0,8
46055.0,1
46057.0,0
46059.0,1
46061.0,1
46063.0,0
46065.0,5
46067.0,2
46069.0,0
46071.0,1
46073.0,6
46075.0,0
46077.0,0
46079.0,8
46081.0,5
46083.0,11
46085.0,4
46091.0,0
46087.0,1
46089.0,0
46093.0,8
46095.0,0
46097.0,0
46099.0,92
46101.0,1
46102.0,5
80046.0,0
46103.0,43
46105.0,0
46107.0,0
46109.0,2
46111.0,0
46115.0,1
46117.0,0
46119.0,0
46121.0,5
46123.0,1
46125.0,8
90046.0,0
46127.0,10
46129.0,1
46135.0,5
46137.0,1
47001.0,13
47003.0,20
47005.0,9
47007.0,4
47009.0,31
47011.0,21
47013.0,6
47015.0,2
47017.0,24
47019.0,32
47021.0,11
47023.0,13
47025.0,6
47027.0,7
47029.0,12
47031.0,19
47033.0,19
47035.0,24
47037.0,324
47041.0,16
47039.0,11
47043.0,18
47045.0,24
47047.0,21
47049.0,6
47051.0,14
47053.0,36
47055.0,31
47057.0,4
47059.0,48
47061.0,8
47063.0,43
47065.0,101
47067.0,3
47069.0,32
47071.0,19
47073.0,23
47075.0,25
47077.0,24
47079.0,10
47081.0,13
47083.0,14
47085.0,4
47087.0,5
47089.0,18
47091.0,6
47093.0,85
47095.0,3
47097.0,18
47099.0,17
47101.0,2
47103.0,2
47105.0,10
47111.0,22
47113.0,78
47115.0,9
47117.0,8
47119.0,35
47107.0,32
47109.0,24
47121.0,4
47123.0,22
47125.0,51
47127.0,2
47129.0,6
47131.0,17
80047.0,31
47133.0,11
47135.0,1
47137.0,4
47139.0,13
47141.0,51
47143.0,16
47145.0,6
47147.0,40
47149.0,105
47151.0,3
47153.0,4
47155.0,20
47157.0,548
47159.0,12
47161.0,7
47163.0,42
47165.0,106
47167.0,22
47169.0,7
90047.0,3
47171.0,1
47173.0,2
47175.0,1
47177.0,9
47179.0,42
47181.0,7
47183.0,23
47185.0,14
47187.0,47
47189.0,52
48001.0,38
48003.0,10
48005.0,87
48007.0,18
48009.0,1
48011.0,1
48013.0,34
48015.0,9
48017.0,5
48019.0,8
48021.0,31
48023.0,2
48025.0,37
48027.0,95
48029.0,1376
48031.0,6
48033.0,0
48035.0,9
48037.0,67
48039.0,179
48041.0,65
48043.0,5
48045.0,1
48047.0,23
48049.0,26
48051.0,6
48053.0,12
48055.0,37
48057.0,9
48059.0,4
48061.0,1063
48063.0,13
48065.0,0
48067.0,20
48069.0,6
48071.0,8
48073.0,31
48075.0,0
48077.0,2
48079.0,1
48081.0,4
48083.0,4
48085.0,169
48087.0,0
48089.0,4
48091.0,105
48093.0,5
48095.0,2
48097.0,7
48099.0,13
48101.0,3
48103.0,2
48105.0,7
48107.0,5
48109.0,2
48111.0,10
48113.0,1187
48115.0,15
48123.0,42
48117.0,25
48119.0,0
48121.0,162
48125.0,2
48127.0,7
48129.0,1
48131.0,20
48133.0,6
48135.0,108
48137.0,2
48141.0,571
48139.0,74
48143.0,13
48145.0,5
48147.0,16
48149.0,22
48151.0,3
48153.0,9
48155.0,0
48157.0,303
48159.0,6
48161.0,4
48163.0,9
48165.0,10
48167.0,166
48169.0,4
48171.0,10
48173.0,0
48175.0,6
48177.0,18
48179.0,9
48181.0,60
48183.0,81
48185.0,34
48187.0,79
48189.0,59
48191.0,1
48193.0,4
48195.0,6
48197.0,1
48199.0,33
48201.0,2718
48203.0,37
48205.0,0
48207.0,3
48209.0,70
48211.0,0
48213.0,28
48215.0,1895
48217.0,15
48219.0,11
48221.0,34
48223.0,21
48225.0,11
48227.0,19
48229.0,3
48231.0,42
48233.0,7
48235.0,0
48237.0,3
48239.0,16
48241.0,34
48243.0,0
48245.0,145
48247.0,3
48249.0,46
48251.0,60
48253.0,1
48255.0,17
48257.0,52
48259.0,10
48261.0,2
48263.0,0
48265.0,13
48267.0,1
48269.0,0
48271.0,1
48273.0,49
48275.0,8
48283.0,13
48277.0,44
48279.0,23
48281.0,9
48285.0,37
48287.0,14
48289.0,10
48291.0,53
48293.0,16
48295.0,1
48297.0,9
48299.0,2
48301.0,0
48303.0,150
48305.0,5
48313.0,6
48315.0,14
48317.0,7
48319.0,2
48321.0,51
48323.0,142
48307.0,4
48309.0,124
48311.0,1
48325.0,48
48327.0,0
48329.0,88
48331.0,7
48333.0,0
48335.0,2
48337.0,4
48339.0,167
48341.0,22
48343.0,5
48345.0,0
48347.0,66
48349.0,29
48351.0,13
48353.0,5
48355.0,435
48357.0,5
48359.0,1
48361.0,46
80048.0,0
48363.0,17
48365.0,27
48367.0,42
48369.0,15
48371.0,5
48373.0,30
48375.0,92
48377.0,7
48379.0,5
48381.0,47
48383.0,6
48385.0,8
48387.0,14
48389.0,6
48391.0,15
48393.0,0
48395.0,4
48397.0,30
48399.0,9
48401.0,20
48403.0,9
48405.0,15
48407.0,11
48409.0,79
48411.0,0
48413.0,2
48415.0,11
48417.0,0
48419.0,29
48421.0,1
48423.0,120
48425.0,5
48427.0,179
48429.0,4
48431.0,0
48433.0,1
48435.0,3
48437.0,3
48439.0,778
48441.0,62
48443.0,0
48445.0,6
48447.0,2
48449.0,34
48451.0,73
48453.0,443
48455.0,7
48457.0,4
90048.0,0
48459.0,12
48461.0,3
48463.0,36
48465.0,121
48467.0,24
48469.0,97
48471.0,61
48473.0,15
48475.0,1
48477.0,48
48479.0,337
48481.0,57
48483.0,0
48485.0,26
48487.0,3
48489.0,55
48491.0,149
48493.0,28
48495.0,4
48497.0,15
48499.0,33
48501.0,5
48503.0,6
48505.0,6
48507.0,18
0,14
49001.0,0
49003.0,0
49005.0,0
49007.0,0
0,6
49009.0,0
49011.0,38
49013.0,0
49015.0,0
49017.0,0
49019.0,0
49021.0,0
49023.0,0
49025.0,0
49027.0,0
49029.0,0
80049.0,0
49031.0,0
49033.0,0
49035.0,285
49037.0,29
49039.0,0
49041.0,0
0,2
0,45
49043.0,1
49045.0,2
0,2
49047.0,0
90049.0,0
49049.0,72
49051.0,9
49053.0,0
49055.0,0
49057.0,0
0,32
50001.0,2
50003.0,1
50005.0,0
50007.0,39
50009.0,0
50011.0,7
50013.0,0
50015.0,1
50017.0,0
50019.0,0
80050.0,0
50021.0,1
90050.0,0
50023.0,2
50025.0,3
50027.0,2
78.0,21
51001.0,19
51003.0,22
51510.0,74
51005.0,4
51007.0,6
51009.0,4
51011.0,5
51013.0,153
51015.0,8
51017.0,0
51019.0,16
51021.0,5
51023.0,11
51520.0,7
51025.0,5
51027.0,2
51029.0,9
51530.0,1
51031.0,6
51033.0,5
51035.0,25
51036.0,5
51037.0,0
51540.0,32
51550.0,75
51041.0,99
51043.0,1
51570.0,26
51580.0,0
51045.0,0
51047.0,18
51049.0,2
51590.0,38
51051.0,1
51053.0,12
51595.0,26
51057.0,2
51059.0,599
51600.0,8
51610.0,7
51061.0,25
51063.0,16
51065.0,9
51067.0,1
51620.0,11
51069.0,13
51630.0,5
51640.0,30
51071.0,0
51073.0,3
51075.0,7
51077.0,18
51079.0,3
51081.0,12
51083.0,7
51650.0,29
51085.0,40
51660.0,35
51087.0,222
51089.0,31
51091.0,0
51670.0,7
51093.0,22
51095.0,21
51099.0,4
51101.0,2
51097.0,1
51103.0,0
51105.0,9
51678.0,1
51107.0,129
51109.0,7
51111.0,3
51680.0,23
51113.0,3
51683.0,26
51685.0,8
51690.0,23
51115.0,0
51117.0,34
51119.0,11
51121.0,5
51125.0,2
51127.0,3
51700.0,49
51710.0,81
51131.0,31
51133.0,6
51720.0,0
51135.0,20
51137.0,5
80051.0,0
51139.0,30
51141.0,26
51730.0,29
51143.0,11
51735.0,2
51740.0,64
51145.0,5
51147.0,12
51149.0,5
51153.0,216
51155.0,6
51750.0,1
51157.0,2
51159.0,4
51760.0,63
51161.0,9
51770.0,32
51163.0,3
51165.0,22
51167.0,8
51775.0,6
51169.0,5
51171.0,59
51173.0,22
51175.0,31
51177.0,46
51179.0,19
51790.0,0
51800.0,77
51181.0,4
51183.0,12
51185.0,2
90051.0,0
51810.0,103
51187.0,14
51191.0,21
51820.0,3
51193.0,4
51830.0,8
51840.0,4
51195.0,9
51197.0,6
51199.0,9
53001.0,10
53003.0,6
53005.0,132
53007.0,16
53009.0,1
53011.0,74
53013.0,1
53015.0,7
53017.0,9
53019.0,0
53021.0,67
53023.0,0
53025.0,23
53027.0,11
53029.0,12
53031.0,0
53033.0,792
53035.0,19
53037.0,22
53039.0,3
53041.0,8
53043.0,2
53045.0,9
53047.0,10
80053.0,0
53049.0,3
53051.0,0
53053.0,217
53055.0,0
53057.0,23
53059.0,1
53061.0,220
53063.0,185
53065.0,5
53067.0,21
90053.0,5
53069.0,0
53071.0,6
53073.0,49
53075.0,3
53077.0,267
54001.0,1
54003.0,17
54005.0,3
54007.0,0
54009.0,1
54011.0,15
54013.0,0
54015.0,2
54017.0,1
54019.0,19
54021.0,0
54023.0,7
54025.0,3
54027.0,1
54029.0,0
54031.0,1
54033.0,10
54035.0,24
54037.0,4
54039.0,101
54041.0,2
54043.0,2
54045.0,43
54049.0,5
54051.0,1
54053.0,6
54047.0,1
54055.0,30
54057.0,4
54059.0,10
54061.0,5
54063.0,8
54065.0,0
54067.0,3
54069.0,7
80054.0,0
54071.0,1
54073.0,3
54075.0,0
54077.0,4
54079.0,10
54081.0,8
54083.0,1
54085.0,0
54087.0,2
54089.0,0
54091.0,8
54093.0,0
54095.0,1
90054.0,0
54097.0,1
54099.0,11
54101.0,0
54103.0,0
54105.0,0
54107.0,6
54109.0,5
55001.0,4
55003.0,3
55005.0,6
55007.0,1
55009.0,84
55011.0,2
55013.0,6
55015.0,10
55017.0,2
55019.0,11
55021.0,4
55023.0,0
55025.0,46
55027.0,21
55029.0,4
55031.0,1
55033.0,1
55035.0,9
55037.0,4
55039.0,17
55041.0,10
55043.0,23
55045.0,3
55047.0,2
55049.0,1
55051.0,1
55053.0,1
55055.0,9
55057.0,3
55059.0,69
55061.0,4
55063.0,12
55065.0,1
55067.0,5
55069.0,5
55071.0,7
55073.0,32
55075.0,9
55077.0,2
55078.0,0
55079.0,554
55081.0,3
55083.0,6
55085.0,6
80055.0,0
55087.0,48
55089.0,23
55091.0,0
55093.0,7
55095.0,2
55097.0,15
55099.0,0
55101.0,101
55103.0,6
55105.0,38
55107.0,1
55111.0,6
55113.0,1
55115.0,8
55117.0,20
55109.0,9
55119.0,6
55121.0,2
90055.0,0
55123.0,3
55125.0,3
55127.0,36
55129.0,2
55131.0,40
55133.0,103
55135.0,29
55137.0,3
55139.0,49
55141.0,9
56001.0,1
56003.0,2
56005.0,2
56007.0,2
56009.0,0
56011.0,0
56013.0,14
56015.0,2
56017.0,0
56019.0,1
56021.0,4
56023.0,2
56025.0,7
56027.0,0
80056.0,0
56029.0,2
56031.0,1
56033.0,4
56035.0,1
56037.0,2
56039.0,1
56041.0,2
90056.0,0
56043.0,7
56045.0,0
